Employee ID,Name,Department,Location,Experience,Salary
EMP001,John Smith,Engineering,New York,5,95000
EMP002,Sarah Johnson,Marketing,San Francisco,3,75000
EMP003,Michael Chen,Engineering,San Francisco,7,110000
EMP004,Emily Davis,Sales,New York,4,80000
EMP005,Robert Wilson,HR,Chicago,6,85000
EMP006,Lisa Anderson,Engineering,Chicago,8,115000
EMP007,James Taylor,Sales,Los Angeles,2,65000
EMP008,Jennifer Martinez,Marketing,New York,5,82000
EMP009,David Lee,Engineering,San Francisco,9,125000
EMP010,Maria Garcia,HR,Los Angeles,4,78000
EMP011,Richard Brown,Sales,Chicago,6,90000
EMP012,Patricia Martinez,Engineering,New York,4,92000
EMP013,Christopher Jones,Marketing,Los Angeles,3,72000
EMP014,Nancy Miller,Sales,San Francisco,7,105000
EMP015,Daniel Rodriguez,Engineering,Los Angeles,6,108000
EMP016,Karen White,HR,New York,5,80000
EMP017,Matthew Harris,Sales,New York,8,115000
EMP018,Susan Clark,Marketing,Chicago,6,88000
EMP019,Joseph Lewis,Engineering,Chicago,10,130000
EMP020,Angela Young,Sales,Los Angeles,5,95000
